Brand,Title,Rating,Price
U.S. POLO ASSN.,Boy's Regular Jeans,3.7,899
U.S. POLO ASSN.,Kids Baby-Boy's Regular Jeans (UKJENON0012_Black_18 Months-24 Months),,799
U.S. POLO ASSN.,Baby Boy's Regular Jeans (UKJENON0010_ME. Blue_12T),5.0,899
NXG,Baby Dungaree ZUD786 1 Pc. Set,,249
Bold N Elegant - Be Bold Inside & Elegant Outside,Unisex-Child Cotton T-Shirt And Shorts Clothing Set,3.9,529
EIO,Unisex Kids Cotton Pajama Pants Combo Pack,3.9,599
EIO,Boys and Girls Cotton Pajama Pants Pack of 6,3.9,449
Bold N Elegant - Be Bold Inside & Elegant Outside,Baby's Cotton Tshirt Pant Set,4.2,599
Hopscotch,Boys Green Cotton All-Over Print T-Shirt With Jacket & Pant Set,4.0,806.
Trendy Dukaan,Baby Boy's Cotton Anti Slip Grip Socks (Pack of 6),4.4,540
BRANDONN,"BRANDONN Unisex Baby Flannel Jumpsuit Panda Style Cosplay Clothes Bunting Outfits Snowsuit Hooded Romper Outwear (Grey Scars, 12-18 Months)",3.9,699
minicult,Cotton Pajama Pants with All Over Print for Boys and Girls (Multicolor Designs)(Regular Fit)(Pack of 5),4.0,599
Hopscotch,"Boys Cotton and Lycra Animal Print Tee, Jacket And Pant Set in Blue Color",4.0,884
Googo Gaaga,Boy's Cotton Full Sleeves Printed Sweatshirt and Pant Set in Multi Color,3.8,500
LENAM,Unisex Baby Tailored Fit Pants,4.2,469
Hopscotch,Boys Navy Cotton & Spandex Polka Dot Print Shirt And Pant Set With Bow,4.1,648
Hopscotch,Boys Gray Cotton & Spandex Polka Dot Print Shirt And Pant Set With Bow,4.1,689
Hopscotch,Boys Cotton Animal Print Half Sleeves T-Shirt And Pant Set In Multi Color,3.9,504
Hopscotch,"Baby Boys Cotton Floral Print T-Shirt, Jacket And Pant Set In White Color For Ages 12-24 Months (XHZ-1671428)",3.9,664
Real Basics,unisex child fleece Track Suit,4.1,354
U.S. POLO ASSN.,Slim Boys' Jeans,3.9,899
U.S. POLO ASSN.,Baby Boy's Regular Jeans (UKJENON0013_ME. Grey_12T),2.0,809.
Clothomania,Kitty New Born Baby Boy And Baby Girl Dungaree dress Clothing set for baby (0-9 months),4.0,379
U.S. POLO ASSN.,Baby Boy's T-Shirt (UKTSHON000412T_Me. Red_18 Months-24 Months),,549
YOUSTYLO - YOU ARE PRIORITY,Baby Anti Slip Crew Socks 4 Pairs with Grips for Toddlers Little Boys Girls Infants Kids Non Skid Socks Paw Design For 1-3 Years Toddler (Sky Blue/Pink/Navy Blue/Grey),4.3,499
EIO,100% Cotton Rompers Sleepsuits Jumpsuit Night Suits for Infants Newborn Baby Boys & Girls Pack of 3,4.0,425
Hopscotch,Boys Overall & Dress Sets,3.4,644
Baba & Baby,100% Cotton Printed Multicolor Shorts for Boys and Girls Pack of-10,4.4,749
Kuchipoo,Baby Boys' & Baby Girls' T-Shirt (Pack of 5),4.2,594
Baby Collection,Printed Baby Vest for Kids Cotton Sleeveless Sando Baniyan Toddler Innerwear Baby Cloth for Boys & Girls Pack of 6,4.4,522
ARIEL,Cotton Clothing Sets for Baby Boys & girls - Unisex Clothing sets Full Sleeve T-shirt & Pant,4.2,370
Hopscotch,Boys Formal Set,3.9,690
Kuchipoo,Regular Fit Baby Boys and Baby Girls Pyjamas - Pack of 5 (PAJ-115),4.2,424
Kids Basket,Baby Boys and Girls 100% Pure Cotton White Vest Inner wear Combo Pack of 5 and 10 pc,4.1,299
Hopscotch,Baby Boys Cotton and Polyester Graphic Print T-shirt And Dungaree Set in White Color,4.0,635
Kuchipoo,Regular Fit Baby Boys and Baby Girls Pyjamas - Pack of 5 (© DISNEY-PAJ-131),4.1,539
Googo Gaaga,Boy's Polycotton Sweatshirt With Joggers,4.2,499
Mylo Essentials,Mylo Essentials Baby Boy's Ankle Length Cotton Socks (Pack Of 3) (890438 0601111_Blue),4.0,249
JUGULAR,Baby Boys T-Shirt Multicolour (Pack of 5),4.3,654
Hopscotch,Baby Boys Cotton Stripe Print Shirt And Pant Set With Waistcoat In Yellow Color For Ages 12-18 Months (HSP-3691350),3.9,524
REVOLTEK,Printed Vest baniyan Cotton Inner wear for Baby Summer wear Sleeveless Undershirts for Kids Sando ganji Tank-Tops Toddler Girls/Boys Pack of 5,4.3,489
Real Basics,Cotton Clothing Sets for Boys & girls - Unisex Clothing sets Full Sleeve T-shirt Pant & Cap,4.2,377
Googo Gaaga,Boys Cotton Track Suit,3.9,536
Bold N Elegant,Full Sleeve Elephant Print Tshirt Sweatshirt Joggers Pyjama Pant Clothing Set for Baby Boy Girl,4.0,474
minicult,Baby Boy's & Baby Girl's T Shirt (Pack of 5),3.6,594
YUV,Infant Baby Boys & Girls 100% Cotton Printed Multicolor Half Sleeve T Shirts - Pack of 5,4.1,559
MIST N FOGG,Boy's and Girl's Regular Fit Cotton Shorts(Pack of 4),4.1,309
YOUSTYLO - YOU ARE PRIORITY,Baby Anti Slip Crew Socks 5 Pairs with Grips for Toddlers Little Boys Girls Animal Face Design Infants Kids Non Skid Socks Design For 1-3 Years Toddler (Pack of 5),4.3,899
Bold N Elegant - Be Bold Inside & Elegant Outside,Baby Boy's Cotton Tshirt Pant Set,3.7,479
Hopscotch,Baby Boys Polycotton Typography Print Hoodie And Jeans Set In Yellow Color For Ages 12-18 Months (YAH-3321758),4.1,937
Hopscotch,Baby Boys Set,3.5,525
NammaBaby,100% Cotton Assorted Track Pant for Boys and Girls - Regular fit | Loose Fit Track Pants(Pack of 6),3.9,509
X2O,Kids Cotton Pajama Pants with All Over Print and Bright Colors (Multicolor) (Pack of 5),3.9,545
3BROS,Bodysuit/Dress/Baba Suit for Boys/Girls Full Pajama & Casual Full Sleeves Shirt with Cap Attached Top Combo Kid's Set FS-6010,3.8,335.
Googo Gaaga,Boys Cotton Track Suit,4.0,476
MOMISY,Baby Girl Boys children Non Slip Trainer Socks Toddlers Infant children Socks Warm and Socks Cotton Stretch Crew Anti skid Slip Baby Socks-6 Pairs,4.2,489
Al hayat,Cotton Unisex Kids Multicolour Regular Fit Plain Cartoon Printed Short for Sports and Casual Wear Pack of 2,,399
U.S. POLO ASSN.,Kids Baby-Boy's Regular Jeans (UKJENON0012_Black_18 Months-24 Months),5.0,799
U.S. POLO ASSN.,Kids Baby-Boy's Regular Jeans (UKJENON0012_Black_18 Months-24 Months),,799
U.S. POLO ASSN.,Baby Boy's Regular Jeans (UKJENON0010_ME. Blue_12T),5.0,899
U.S. POLO ASSN.,Slim Boys' Jeans,3.9,899
U.S. POLO ASSN.,Boy's Regular Jeans,3.7,899
YUV,Infant Boys & Girls Multi-Color Pack of 6 100% Soft Cotton Solid Shorts for 0 to 36 Months,4.3,469
Pankhu,Mom+Dad' Text Printed Cotton Baby Black Clothing Sets/Tshirt-Shorts(Boys/Girls up to 4 Years),4.3,289
Googo Gaaga,Boy's Cotton T-Shirt With Shorts,3.8,364
TiniBerry,Baby Cotton Hosiery Babies Boys & Baby Girls Printed Regular Shorts (Multicolor (Set of 6),4.4,399
Baby Collection,Printed Baby Vest for Kids Cotton Sleeveless Sando Baniyan Toddler Innerwear Baby Cloth for Boys & Girls Pack of 6,4.5,469
minicult,Baby Boy's & Baby Girl's T-Shirt Combo,3.8,599
Hopscotch,Boys Cotton Typography Print Sweatshirt And Pant Set In Navy Color,3.5,539
Hopscotch,Boys Cotton Typography Print Hoodie And Pant Set In Black Color,3.6,619
NammaBaby,Baby Boys' & Baby Girls' T-Shirt Cotton Front Open Full Sleeves Jhabla Vest- Tshirt Set of 5 Tees for Baby Boys & Girls Multicolour - Assorted,4.0,719
Googo Gaaga,Boy's Cotton T-Shirt With Shorts,3.5,349
a baby cherry,"100% Cotton Cap, Mittens and Booties Set for New Born Baby, Infant Beanies Caps with Ears, Mittens for New Born Baby 0-6 Months Unisex",4.3,409
Gajraj,Baby Boy's and Baby Girl's Woollen Knitted Earflap Cap (1 Year - 3 Years),,349
Hopscotch,Boys Formal Set,4.0,629
AHC,Anti Skid Socks for Kids 1-3 Years - Plain Color Ankle Length Grip Socks for Boys and Girls - Comfortable and Durable,4.1,180
YOUSTYLO - YOU ARE PRIORITY,"Baby Anti Slip Crew Socks 5 Pairs with Grips for Toddlers Little Boys Girls Infants Kids Non Skid Socks For 1-3 Years Toddler (ASS8135, Pack of 5)",4.4,649
NammaBaby,Baby Boys' and Girls T-Shirt MOM DAD Printed (Pack of 5),3.9,591
U.S. POLO ASSN.,Baby Boy's Regular Jeans (UKJENON0013_ME. Grey_12T),2.0,809.
Clothomania,Kitty New Born Baby Boy And Baby Girl Dungaree dress Clothing set for baby (0-9 months),4.0,379
NXG,Baby Dungaree ZUD786 1 Pc. Set,,249
U.S. POLO ASSN.,Baby Boy's T-Shirt (UKTSHON000412T_Me. Red_18 Months-24 Months),,549
MINITATU,Girl's Cotton Solid T-Shirt and Pyjama Set,4.0,302.
Bold N Elegant - Be Bold Inside & Elegant Outside,Baby Boy's Cotton Clothing Set,3.7,559
YUV,Unisex-Baby T-Shirt,4.2,639
Hopscotch,Boys Formal Set,3.7,649
Supersox,Babies Combed Cotton Tights,4.2,260
EIO,"100% Cotton Rompers/Sleep Suits/Jumpsuit/Night Suits for Baby Boys & Girls, Infants, New Born Pack of 3",3.9,599
Hopscotch,Boy's Polycotton Dress Sets,3.4,784
GOLURK,"Cotton Baby Pajama Pants/Track Pants, Daily use Lower Pant for Kids boy and Girls Unisex(Pack of 6)",3.7,309
Jimmy Jammy,Baby Boys & Girls Dress Soft Cotton Blend Unisex T-shirts and Pyjama Pants | 6 Full sleeves T-shirt + 6 Pyjama Pants Multi colored Size 0 up to 18 Months,3.6,489
EIO,Baby Boys Girls Cotton All Over Print Pajama Bottom Combo Packs,4.1,599
Hopscotch,Baby Boys Cotton Stripe Print Shirt And Pant Set With Waistcoat In Yellow Color For Ages 18-24 Months (HSP-3691351),3.5,524
YUV,Baby Boys & Girls Winter wear Turtle Neck Cotton Fleece Tshirt - Pack of 3,4.4,569
LuvLap,Half Sleeve Boys T-Shirt & Shorts Sets,3.8,89
LuvLap,Half Sleeve Boys T-Shirt & Shorts Sets,4.4,349
Kidbee,Baby Boys Regular Cotton Socks (Pack of 10),4.1,234
MumsLap,Baby Boys & Baby Girls socks (set of 5 pairs) | Socks for newborn baby to 24 months Toddlers | Infant | Kids,4.1,521.
BABY ATLAS,Presents Born Baby Pure Cotton Printed Innerwear baniyan Kids Vest Infants Sando Unisex Sleeveless Regular fit Undershirts for Boys and Girls Pack of 6,4.0,499
CLUZE,Winter Warm Socks for Kids Toddlers Boys Girls Thick Thermal Woolen Socks Terry Lined Cozy Ankle Socks for Children (Pack of 6 Pairs),3.9,349
Jimmy Jammy,Unisex Baby Boy & Girl Dress Soft Hosiery Cotton Blend T-shirt and Shorts Pack 6 T-shirt + 6 Shorts Multi colored | Size 0 Months Up to 2 Years,3.6,489
Freshfoot,Fresfoot Organic Cotton Socks For New Born Baby 0-18 Months - Multicolour,4.1,399
Koochie-Koo,"Cotton Baby Socks for Girls, Kids Socks with Rubber Grip, Socks for Baby Girls, Anti Skid Socks for Girls, Anti Slip Socks for Babies, Multicolor, 12-18 Months (Pack of 6)",,479
FLAX,Baby Boys & Baby Girls Regular Use Cotton Shorts (Pack of 10),3.7,499
Max,Boys Graphic Printed T-Shirt - Set of 2,4.1,319
LuvLap,Half Sleeve Boys T-Shirt & Shorts Sets,4.3,549
Jimmy Jammy,Baby Boy & Girl Unisex Dress Full Sleeves T-shirt and Shorts - Pack of 5 T-shirt + 5 Shorts I Size 0 Months up to 1-2 years,3.6,499
Kidbee,"Kidbee Baby Boy's & Baby Girl's Woolen Monkey Cap (1-2 Years, Red)",3.9,258
Hopscotch,Boys Formal Set,4.0,"1,299"
YOUSTYLO - YOU ARE PRIORITY,Baby Anti Slip Crew Socks 5 Pairs with Grips for Toddlers Little Boys Girls Infants Kids Non Skid Socks For 1-3 Years Toddler (Pack of 5),4.5,799
Googo Gaaga,Googogaaga Boy's Cotton Full Sleeves Sweatshirt with Pant in Navy Blue Color (18-24 Months),3.8,462
Kidbee,Babies Soft Cotton Hosiery Cute Print Ear Falp Tie Up & Knot Cap,3.7,343
Googo Gaaga,Googogaaga Boy's Cotton full Sleeves Sweatshirt With Jogger In Black Color Set for Baby Boys,4.1,508
BRANDONN,"BRANDONN BRANDONN Unisex Baby Flannel Reversible Jumpsuit Panda Style Cosplay Clothes Bunting Outfits Snowsuit Hooded Romper Outwear (Camel, 12-18 Months)",3.7,839
Al hayat,Cotton Unisex Kids Multicolour Regular Fit Plain Cartoon Printed Short for Sports and Casual Wear Pack of 2,,399
U.S. POLO ASSN.,Kids Baby-Boy's Regular Jeans (UKJENON0012_Black_18 Months-24 Months),5.0,799
U.S. POLO ASSN.,Kids Baby-Boy's Regular Jeans (UKJENON0012_Black_18 Months-24 Months),,799
U.S. POLO ASSN.,Baby Boy's Regular Jeans (UKJENON0010_ME. Blue_12T),5.0,899
U.S. POLO ASSN.,Slim Boys' Jeans,3.9,899
U.S. POLO ASSN.,Baby Boy's Regular Jeans (UKJENON0013_ME. Grey_12T),2.0,809.
Mi Arcus,Cotton Printed Shorts for Baby Girl/Boy/Kids Multicolor Pack of 5 Comfortable/Casual,4.1,709
CLAP,Baby Fleece Printed Winter Leggings Rib Pajamas Multicolour - Combo Set of 4,4.3,798
YUV,Baby Girls' T-Shirt (Pack of 5),4.1,559
MURLI,Romper Baby Suit Dungaree Jumpsuit Outfits for Newborn Baby Boys & Girls,4.2,499
TS LAVI TAVI,New Born Baby Clothes Set 0-3 Months - Newborn Baby Boys & Girls Clothes Sando Vest Front Open T-Shirt Casual Regular Fit and Sleepwear Multicolour Unisex Pack of of 8,4.1,499
Kidbee,Baby Boy's & Baby Girl's Soft Woolen/Wool Monkey Cap,4.0,281
VParents,Cotton Reversible Hooded Jacket for Baby kids Unisex Full SleeveWinter Toddler Girls Boys- Sweater for Girls Boys,5.0,674
Hopscotch,Baby Boys Cotton Stripe Print Shirt & Pant Set With Waistcoat in Red Color For Ages 12-18 Months (HSP-3691346),4.1,524
Bold N Elegant,Abstract Print Kids T shirt with Jacket & Jogger Pants 3 piece Winter Clothing Set for Infant Toddler Baby Boys Girls,3.4,899
3BROS,Baby Boys & Baby Girls Cotton Hosiery Clothing Set Half Sleeves T-shirt with Matching Pants (DB20HS6027_Parent),4.0,255.
Bold N Elegant,Little Man Stripe Print Asymmetrical Waistcoat with Shirt Bow & Pant 3 pc Suit Party Clothing Set for Boys,4.6,599
BABY GO,Full Sleeves Degigner Dungaree for Baby Boys & Baby Girls,3.9,443
Hopscotch,Boys Cotton Graphic Print Shirt And Pant Set In Black Color,4.1,636
TuddyBuddy,100% Cotton Multi Color Romper/Bodysuit/Onesies for Baby Boy & Baby Girl,4.2,539
Real Basics,Cotton Clothing Sets for Baby Boys & girls - Unisex Clothing sets Full Sleeve T-shirt & Pant,4.1,354
SNUGKINS,"SNUGKINS Snug Potty Training Pull-up Pants for Babies/Toddlers/Kids | 100% Pure Cotton | Washable & Reusable | (Size 1, Fits 1-2 Years) | Snug Farm Pack of 2",5.0,499
U.S. POLO ASSN.,Boy's Regular Jeans,3.7,899
U.S. POLO ASSN.,Baby Boy's T-Shirt (UKTSHON000412T_Me. Red_18 Months-24 Months),,549
Al hayat,Cotton Unisex Kids Multicolour Regular Fit Plain Cartoon Printed Short for Sports and Casual Wear Pack of 2,,399
MINI KLUB,Boys Jacket,,674
Shyamcollections,"Shyamcollections Baby Boy and Baby Girl's Fabulous Collection of Printed Full Sleeves Soft Hosiery Cotton Vests,Jhabla T-Shirt with Pyjama Pants Dress for Kids Infant Toddler Set of 6 (12-18 Months)",3.8,449.
Neska Moda,"Boys & Girls Pack of 5 Pairs Terry Cotton Ankle Socks (Grey,Dark Blue,Beige,White) -SK816",4.2,375
Hopscotch,Boys Cotton Solid Full-Sleeve Romper in White Color,4.2,634
TotzTouch,Totz Touch Boys Regular Fit Sleeveless T Shirt / Tees / Vest / Baniyan | Pure Cotton 180 Gsm | Kids Casual Round Collar Tshirts (Pack 5 | Size Options – 0-6 Months / 12-24 Months / 2-3 Years / 3-4 Years / 4-5 Years),4.3,572
Bold N Elegant,Cute Allegator Cartoon Print Newborn Cotton Full Sleeve Footless Baby Romper Onesie Buttoned Bodysuit for Newborn Infant Baby Boys Girls,4.6,499
Pride Apparel,Boy's Cotton Trunk (Pack of 10),3.9,499
Hopscotch,Unisex Cotton Animal Print Bodysuit In Red Color,4.1,589
Kadambaby,Baby Boy's & Baby Girl's Cotton Printed Sleepsuit,3.4,850
Googo Gaaga,Boy's Cotton Full Sleeves Printed Sweatshirt with Pant in Multi Color,3.7,499
Generic,Toxi 15 August Independence Day Man | Baby | Boy | Girls | Kids,,199
Nino Bambino,100% Organic Cotton Printed Crown Hat for Baby Infant Boy/Sun Hat for Baby Boy,3.6,429
Generic,Unisex Woolen Caps for Babies (Set of 2) | Soft Muffler Cum Scarf Sets | Light Weighted Cap for Infants,,385
Hopscotch,Unisex Cotton Animal Print Romper In White Color,3.9,690
Style Shell,"Kid's Cotton Clothing Set - T-Shirt,Shorts",3.6,479
KIDS PARYANIS,"Baby Dress Boy and Girl Full Sleeves Soft Hosiery Vests,Jhabla T-Shirt with Pyjama Pants Dress Babies Night Suit Dress for Kids Infant Toddler New Born Clothes (Pack of 3)",3.8,489
NammaBaby,Baby Boy's & Baby Girl's Pajama Pant (Pack of 5),3.9,494
YUV,"Baby Boy Regular Fit Jogger Pants, Cotton Lower for Boys Camping Accessories Soft Breathable Lightweight for All Season-6 to 36 Months-Pack of 5",4.1,499
Hopscotch,Boys Cotton Checks Print Shirt And Pant Set In Navy Color,4.1,636
Mi Arcus,Mi Arcus Printed Cotton Sleeveless Vest/Baniyan/Innerwear/Sando for Baby Boy/Kids/Girl Pack of 5 for 18-24 Months Multicolour,4.7,599
ISHRIN,Baby Sleep Wear Bottom Pant |Cartoon Printed Cotton Pajami Lower Trackpant Pyjama Nightwear for Kids Set of 5 Pcs,3.9,445.
Bold N Elegant,Kids Cartoon Stripe Print Cotton Half Sleeve T-shirt and Shorts Clothing Set for Infant Toddler Baby Boy Girl,3.8,499
GOOGO GAAGA,Googogaaga Cotton Boys T-Shirt with Shorts in Blue Color,3.7,317
Hopscotch,Boy's Cotton Hooded Hoodie,3.8,760
Hopscotch,"Boys Cotton and Spandex Stripe Print T-shirt, Blazer And Pant Set in Black Color",4.0,689
Googo Gaaga,Boys Cotton Track Suit,4.1,519
Generic,"Pooja Baby 100% Cotton Rompers/Sleepsuits/Jumpsuit/Night Suits for Baby Boys & Girls, Infants, New Borns",3.6,449
Jimmy Jammy,Baby Boys and Girls Unisex Soft Winter Wear Dress Clothing Set | Pack of 3 Full Sleeves T-shirt + 3 Full Lowers Pyjama Pants,3.8,479
Generic,ASK - JS - LCD & CO -Pack of 6 -Babies boys and girls tops and bottoms - Unisex - sweater dress - socks & cap for toddler girls & boys - Newborn Dresses - Infant Wear for summer & winter-Model-928422,2.5,398
Tinchuk,Baby Boy's & Baby Girl's Printed T-Shirt/Jhabla/Nightsuits with Assorted Prints- Multi-Pack,4.0,719
TiniBerry,100% Cotton Rompers Sleepsuits Jumpsuit Baby Boy's and Baby Girl’s Bodysuits Cotton Full Sleeve Rompers Gift Set Full Sleeves Onesies for Infant Pack of 3,3.4,489
Piku Store,"Full Sleeves Maroon, Peach, Navy & Grey T-Shirt for Kids- Pack of 4…",4.0,665
